-- *****************************************************************************
-- This script contains INSERT statements for populating tables with seed data
-- *****************************************************************************

BEGIN;

INSERT INTO recipe(recipe_id, name, description, cook_time, servings, healthy, paleo, vegetarian, owner) VALUES (1, 'Paleo Avocado Tuna Salad', 'Paleo tuna salad would go great after a breakfast that is a little heavy on the carbs for a Paleoer, since this recipe has a lot of protein and healthy fats, with some carbs (the avocado). Still feeling hungry? Try some cauliflower rice to go with your tuna.', 0, 1, true, true, false, 'jason@user.com'); 
INSERT INTO recipe(recipe_id, name, description, cook_time, servings, healthy, paleo, vegetarian, owner) VALUES (2, 'Red Snapper with Basil Vinaigrette', 'The olive oil glazed potatoes make a perfect accompaniment to this dish. The time for this recipe will read 30 mins total, its not because youll make the vinaigrette while the fish is cooking.', 30, 4, true, true, false, 'jason@user.com'); 
INSERT INTO recipe(recipe_id, name, description, cook_time, servings, healthy, paleo, vegetarian, owner) VALUES (3, 'Denver omelet', 'What is a Denver omelet? Almost everyone agrees that it should have chopped onion and chopped bell pepper cooked into the egg (preferably a combination of red and green bell pepper). Most people would expect small cubes of ham in there too. Whether or not it should have cheese as a filling or a topping is up for debate. The recipe submitted here is sort of a Meat Lovers Denver Omelet. It includes crispy, crumbled bacon with the ham and vegetables. For more of a purists Denver Omelet, just skip the bacon.', 10, 1, true, true, false, 'jason@user.com');
INSERT INTO recipe(recipe_id, name, description, cook_time, servings, healthy, paleo, vegetarian, owner) VALUES (4, 'The Perfect Burger', 'Here are the ingredients & the instructions to make the perfect burger! Although it may not be the healthiest, use medium ground beef for moistness & flavour. The leaner varieties produce burgers that are drier with a denser, tighter texture. Do not use previously frozen meat as juices are lost during defrosting. If making ahead, cover with plastic wrap & refrigerate for no more than a day. Enjoy!', 30, 4, false, false, false, 'jason@user.com');
INSERT INTO recipe(recipe_id, name, description, cook_time, servings, healthy, paleo, vegetarian, owner) VALUES (5, 'Paleo Pork Chili Verde', 'This paleo-friendly chili incorporates lean ground pork, green bell peppers, onions, spinach and tomatillos. The green vegetables provide a healthy dose of vitamin C. Often used in salsas, tomatillos taste like herbed lemons. Charring the bell peppers, onions and tomatillos imparts a wonderful smokiness to the chili.', 45, 4, true, true, false, 'jason@user.com');
INSERT INTO recipe(recipe_id, name, description, cook_time, servings, healthy, paleo, vegetarian, owner) VALUES (6, 'Whipped Sweet Potatoes and Bananas with Honey', 'an "interesting complexity you cant put your finger on." In our opinion, youd have to have some pretty sorry finger-putting-on skills to not taste the banana from the very first bite.', 85, 10, false, false, true, 'jordan@user.com');
INSERT INTO recipe(recipe_id, name, description, cook_time, servings, healthy, paleo, vegetarian, owner) VALUES (7, 'Grits and Roasted Vegetables With Hazelnut Butter', 'Forget going out to eat or ordering takeout every time you crave Southern food. Try making Grits and Roasted Vegetables With Hazelnut Butter at home. This side dish has 770 calories, 17g of protein, and 51g of fat per serving. This recipe serves 4 and costs $5.44 per serving.', 90, 4, true, false, true, 'jordan@user.com');
INSERT INTO recipe(recipe_id, name, description, cook_time, servings, healthy, paleo, vegetarian, owner) VALUES (8, 'White Chili', 'Do you like white chili? If you are not familiar with it, it’s sort of the calmer, nicer cousin of a Texas chili. No frantically looking for something to put out the flames from a beef and habanero fest.', 66, 6, true, false, false, 'jordan@user.com');
INSERT INTO recipe(recipe_id, name, description, cook_time, servings, healthy, paleo, vegetarian, owner) VALUES (9, 'Baked Coconut Shrimp', 'Crispy baked coconut shrimp is super easy to make and is a perfect healthy appetizer.', 35, 6, true, false, false, 'jordan@user.com');
INSERT INTO recipe(recipe_id, name, description, cook_time, servings, healthy, paleo, vegetarian, owner) VALUES (10, 'Chinese Chicken and Broccoli', 'For most paleo dieters, Chinese take out is a no-no. Soy sauce and rice have no place in the paleo diet, nor does the cornstarch that makes those thick and glossy sauces. This paleo-ready recipe combines the ingredients of perennial take out favorite chicken with broccoli with the flavors of Kung Pao chicken: chile peppers and cashews', 40, 4, true, true, false, 'jordan@user.com');
INSERT INTO recipe(recipe_id, name, description, cook_time, servings, healthy, paleo, vegetarian, owner) VALUES (11, 'Beef and Sweet Potato Stew', 'Classic beef stew is loaded with protein and vegetables, but it is also normally made with potatoes and flour. To make it paleo-friendly, thicken the stew with pureed sweet potatoes and cashew butter. This gluten- and dairy-free rendition of beef stew tastes just as good as the classic recipe and packs in even more nutrients.', 145, 6, false, true, false, 'tyler@user.com');
INSERT INTO recipe(recipe_id, name, description, cook_time, servings, healthy, paleo, vegetarian, owner) VALUES (12, 'Ahi Poke', 'In Hawaii, poke, a salad of marinated uncooked tuna, can be found in pretty much every situation where food is present.', 40, 4, true, false, false, 'tyler@user.com');
INSERT INTO recipe(recipe_id, name, description, cook_time, servings, healthy, paleo, vegetarian, owner) VALUES (13, 'Roasted Cornish Game Hens With Pumpkin Seed Pesto', 'This recipe for a roasted game hen is to die for in the autumn months!', 230, 8, true, false, false, 'tyler@user.com');
INSERT INTO recipe(recipe_id, name, description, cook_time, servings, healthy, paleo, vegetarian, owner) VALUES (14, 'Tater Taco Casserole', 'This Tater Taco Casserole is a Mexican mixture of taco meat, beans, corn, and cheese topped with tater tots and enchilada sauce. The family will love it.', 8, 60, false, false, false, 'tyler@user.com');   
INSERT INTO recipe(recipe_id, name, description, cook_time, servings, healthy, paleo, vegetarian, owner) VALUES (15, 'Mexican Zucchini Burrito Boats', 'Zucchini Burrito Boats are a simple meatless and gluten-free meal packed full of Mexican flavor!', 55, 4, true, true, true, 'tyler@user.com');


SELECT setval(pg_get_serial_sequence('recipe', 'recipe_id'), 15);

INSERT INTO ingredients(ingredients_id, ingredients) VALUES (1, '1 avocado|1 lemon|1 tbsp of chopped onion|5oz of canned tuna|pinch of salt and pepper'); 	
INSERT INTO ingredients(ingredients_id, ingredients) VALUES (2,	'1 1/2 tbsp of olive oil|3/4 tbsp. chopped basil|1 fillet of snapper|1/4 tsp. of salt|1/8 tsp pepper');
INSERT INTO ingredients(ingredients_id, ingredients) VALUES (3,	'4 extra large eggs|4 tbsp chopped onion|1/2 cup chopped red bell pepper|4 slices of ham|2tbsp of olive oil');
INSERT INTO ingredients(ingredients_id, ingredients) VALUES (4,	'1 egg|1 teaspoon mustard (regular or Dijon)|1 teaspoon Worcestershire sauce|1 small onion, finely grated|1 clove garlic, minced|1⁄2 teaspoon salt|1⁄2 teaspoon pepper|1 lb medium ground beef');	
INSERT INTO ingredients(ingredients_id, ingredients) VALUES (5,	'1 medium onion, halved|1 pound tomatillos, husks removed and halved|1 large green bell pepper, halved, seeded, stemmed and ribs removed|1 teaspoon canola oil|1 pound lean ground pork|6 cloves garlic, minced|1/2 teaspoon dried oregano|1 whole bay leaf|3 cups baby spinach|Sea salt and freshly ground black pepper|1/2 cup diced tomatoes|2 sprigs fresh cilantro');
INSERT INTO ingredients(ingredients_id, ingredients) VALUES (6,	'5 medium sweet potatoes, scrubbed|4 bananas, unpeeled|1 cup (2 sticks) unsalted butter, at room temperature|1/4 cup honey|pinch of Kosher salt|1/2 cup all-purpose flour|3/4 cup dark brown sugar|1 1/2 cups pecans, chopped');
INSERT INTO ingredients(ingredients_id, ingredients) VALUES (7, '1/2 medium butternut squash, peeled and cut into 1/2-inch pieces|4 plum tomatoes, halved lengthwise|4 cloves garlic, smashed|4 sprigs fresh thyme|6 tablespoons extra-virgin olive oil| pinch of Kosher salt|1 1/2 pounds mixed mushrooms, halved|1 cup old-fashioned grits|2 cups vegetable broth|1 1/2 cups milk|5 tablespoons unsalted butter|Pinch of cayenne pepper|1/3 cup chopped hazelnuts|1 tablespoon light brown sugar|2 tablespoons cider vinegar|1/2 cup crumbled blue cheese, such as gorgonzola');
INSERT INTO ingredients(ingredients_id, ingredients) VALUES (8, '1 tablespoon olive oil|1 medium onion, diced (about 1 1/2 cups)|2 stalks celery, diced (about 1/2 cup)|3 medium poblano peppers (about 4 ounces each), seeded and white ribs removed, finely diced (about 1 1/2 cups)|1 clove garlic, minced|1 teaspoon ground cumin|1/2 teaspoon ground coriander|1/4 teaspoon cayenne pepper, more to taste|1 pound ground white meat turkey|2 (15.5-ounce) cans white beans such as cannelini, preferably low-sodium, drained and rinsed|4 cups low-sodium chicken broth|3/4 teaspoon dried oregano|1 (15.5-ounce) can hominy, drained and rinsed|Salt|1/4 cup nonfat plain Greek-style yogurt|2 tablespoons chopped fresh cilantro leaves|Lime wedges');
INSERT INTO ingredients(ingredients_id, ingredients) VALUES (9, 'Nonstick cooking spray|1 teaspoon curry powder|Pinch crushed red pepper flakes|1 tablespoon honey|2 teaspoons rice vinegar|1 orange, zested and juiced|1/2 cup flaked unsweetened coconut|6 tablespoons plain panko breadcrumbs|3 tablespoons all-purpose flour|2 large egg whites|1 pound large (21/25 count) shrimp, peeled (tails left on), deveined, butterflied and patted dry|Salt and freshly ground black pepper');
INSERT INTO ingredients(ingredients_id, ingredients) VALUES (10, '4 cups fresh or frozen broccoli florets|4 teaspoons canola oil|1 1/2 teaspoons toasted sesame oil|1 cup 1/4-inch-thick half-moon slices onion|2 tablespoons minced ginger (about a 1-inch piece)|6 cloves garlic, minced|4 whole small dried chiles or 1/2 teaspoon chile oil|1 1/2 pounds skinless, boneless chicken breast, cut in 1-inch cubes|4 teaspoons cashew butter|3 tablespoons tamari|1/2 cup unsalted whole cashews|Salt and freshly ground black pepper');
INSERT INTO ingredients(ingredients_id, ingredients) VALUES (11, '12 ounces sweet potatoes, halved lengthwise|4 fresh sage leaves|2 sprigs thyme|1 sprig rosemary|4 pieces uncured, nitrate-free bacon, cut across in 1/4-inch strips|1 1/2 pounds stewing beef, cut into 2-inch chunks|Sea salt and freshly ground black pepper|4 cups unsalted chicken broth|2 cups 1-inch diced onions|1 cup 1-inch sliced carrots|1 cup 1-inch sliced celery|1 tablespoon tomato paste|5 cloves garlic|2 tablespoons cashew butter|Fresh flat-leaf parsley leaves, for garnish');
INSERT INTO ingredients(ingredients_id, ingredients) VALUES (12, '1/4 to 1/2 cup soy sauce|1/2 tablespoon sambal oelek|1 teaspoon sesame oil|3 scallions, white and green parts separated, sliced thinly on the bias|2 cloves garlic, smashed and finely chopped|One 1/2-inch piece ginger, peeled and grated|1/2 white onion, such as Maui onion, julienned|1 pound ahi tuna, cut into 1/2-inch chunks|2 tablespoons chopped dry-roasted macadamia nuts');
INSERT INTO ingredients(ingredients_id, ingredients) VALUES (13, '5 tablespoons extra-virgin olive oil|1/2 cup pepitas (hulled green pumpkin seeds)|Kosher salt|1 teaspoon plus large pinch of paprika|1 cup loosely packed fresh parsley leaves|2 scallions, chopped|2 tablespoons fresh lemon juice|4 Cornish game hens (1 1/2 to 1 3/4 pounds each), gizzards discarded|1 small clove garlic, minced');
INSERT INTO ingredients(ingredients_id, ingredients) VALUES (14, '1 lb ground beef|1 small onion, diced finely|1 clove garlic, minced|1 (4 oz) can Old El Paso diced green chiles|1 (1 oz) package Old El Paso taco seasoning mix|1 (15 oz) can black beans, rinsed and drained|1 (12 oz) package frozen corn|3 cups shredded Mexican blend cheese|1 (28 oz) package frozen tater tots|1 (10 oz) can Old El Paso red enchilada sauce|Toppings: olives, cilantro, sour cream, tomatoes');
INSERT INTO ingredients(ingredients_id, ingredients) VALUES (15, '4 large zucchini|1 (15 ounce) can black beans, drained and rinsed|1 cup cooked brown rice|1 cup salsa (use your preferred level of spiciness)|1 red bell pepper, cored and diced|1/2 red onion, diced|1/2 cup corn kernels|1 jalapeno (or poblano pepper), cored and diced|1 tablespoon + 1 teaspoon olive oil|2 teaspoons cumin|1 teaspoon chili powder|1/2 cup fresh cilantro, finely chopped|salt to taste|1 cup shredded cheddar/monterey jack cheese');

SELECT setval(pg_get_serial_sequence('ingredients', 'ingredients_id'), 15);	
	
	
	
			
INSERT INTO directions(directions_id, directions) VALUES (1, '1	Cut the avocado in half and scoop the middle of both avocado halves into a bowl, leaving a shell of avocado flesh about ¼-inch thick on each half.|2	Add lemon juice and onion to the avocado in the bowl and mash together. Add drained tuna, salt and pepper, and stir to combine. Taste and adjust if needed.|3	Fill avocado shells with tuna salad and serve.');		
INSERT INTO directions(directions_id, directions) VALUES (2, '1	Preheat broiler and oil a large shallow baking pan (1 inch deep).|2	Season fish all over with 1/2 teaspoon salt and 1/4 teaspoon pepper, then put, skin sides down, in baking pan. Drizzle fillets with 1/2 tablespoon lemon juice and 1 tablespoon oil (total).|3	Broil fish 6 inches from heat until just cooked through, 6 to 8 minutes. Transfer to a platter.|4	While fish broils, whisk together remaining 1/2 teaspoon salt, 1/4 teaspoon pepper, and 2 1/2 tablespoons lemon juice in a small bowl, then add remaining 5 tablespoons oil in a slow stream, whisking until emulsified. Stir in basil and spoon vinaigrette over cooked fish.');
INSERT INTO directions(directions_id, directions) VALUES (3, '1 Chop up your onions and bell pepper.|2 Add olive oil to a skillet over medium-high heat. Saute onion, bell pepper, ham in the oil until the onion starts to become translucent.|3 Stir the eggs into the pan, then cook until lightly brown on the bottom. Then flip over and lightly brown the opposite side. Add a dash of salt and pepper if desired. Then eat!');
INSERT INTO directions(directions_id, directions) VALUES (4, '1 Lightly oil grill& heat BBQ to medium.|2 Whisk egg in a bowl& add next 6 ingredients.|3 Add any of the “stir-ins” that appeal to you.|4 Crumble in beef& using your hands or a fork, gently mix together.|5 Handle the meat as little as possible – the more you work it, the tougher it gets.|6 Gently shape (don’t firmly press) mixture into burgers about ¾ inch thick.|7 Using your thumb, make a shallow depression in the centre of each burger to prevent puffing up during cooking.|8 Place burgers on the grill, close lid& BBQ until NO LONGER PINK INSIDE, turning once, about 6 – 8 minutes per side.|9 An instant read thermometer should read 160F.|10 Tuck into a warm crusty bun& add your favourite toppings.');
INSERT INTO directions(directions_id, directions) VALUES (5, '1 Heat a grill pan over high heat.|2 Grill the vegetables until charred, about 10 minutes. Place in a blender and puree until smooth. Set aside.|3 Heat the oil in large nonstick Dutch oven set over high heat. Add the pork and cook, stirring, until the meat is no longer pink, about 5 minutes. Reduce the heat to medium, add the garlic and cook, stirring occasionally, 1 to 2 minutes.|4 Add the vegetable puree, oregano and bay leaf. Reduce the heat to low and simmer for 10 minutes.|5 Garnish with the diced tomatoes and cilantro leaves to serve.');
INSERT INTO directions(directions_id, directions) VALUES (6, '1 Preheat the oven to 375 degrees F.|2 Prick the sweet potatoes all over with a fork, put them in a roasting pan and roast for 30 minutes. Toss the bananas into the pan and continue roasting for 10 to 15 minutes, until both the bananas and potatoes are very soft. Remove the pan from the oven but do not turn the oven off.|3 When the potatoes are cool enough to handle, scoop out the flesh into a large mixing bowl. Peel the bananas and add them to the bowl along with 1 stick of the butter, and the honey. Season with salt and beat vigorously with a wooden spoon until everything is well combined and the mixture is fluffy. Spoon into an oven-proof serving bowl and smooth the top.|4 In a separate mixing bowl, use your fingers to rub together the remaining stick of butter, the brown sugar, flour, and pecans until the mixture is the consistency of coarse crumbs. Sprinkle the crumb mixture over the sweet potatoes and return to the oven. Cook for about 20 minutes, until the crumbs are golden. Serve hot.');							
INSERT INTO directions(directions_id, directions) VALUES (7, 'Combine the grits, broth, milk, remaining 2 sprigs thyme, 1 tablespoon butter, 1/2 teaspoon salt and the cayenne pepper in a large microwave-safe bowl. Microwave on high, uncovered, for 16 minutes, stirring halfway through. (The grits should be fairly thick; if they are not, microwave up to 2 more minutes.) Remove and discard the thyme.|Heat the remaining 4 tablespoons butter in a small skillet over low heat. Add the hazelnuts and cook, stirring frequently, until fragrant and slightly brown, about 4 minutes. Whisk in the brown sugar and vinegar and remove from the heat.|Divide the grits among 4 plates. Top each with a portion of the roasted vegetables and crumbled blue cheese. Drizzle with warm hazelnut butter sauce before serving.');
INSERT INTO directions(directions_id, directions) VALUES (8, '1 Heat the oil in large pot or Dutch oven over moderate heat. Add the onion, celery, poblanos, and cook, stirring occasionally, until the vegetables are soft, about 8 minutes. Add the garlic, cumin, coriander and cayenne and cook, stirring, until fragrant, about 30 seconds.|2 Add the ground turkey and cook, breaking up the meat with a spoon, until the meat is no longer pink about 2 minutes. Add the white beans, broth and oregano. Cook, partially covered, stirring occasionally, for 25 minutes.|3 Add the hominy and salt and more cayenne pepper, to taste, and continue cooking, partially covered, 10 minutes longer. Ladle into individual bowls and top each serving with 1 tablespoon of yogurt and 1 1/2 teaspoons of cilantro. Garnish with a lime wedge.');
INSERT INTO directions(directions_id, directions) VALUES (9, '1 Preheat the oven to 450 degrees F. Spray a baking sheet with nonstick spray.|2 To make the dipping sauce: Toast the curry and red pepper flakes in a saucepan over medium heat, about 1 minute. Add the honey, vinegar and orange juice and zest. Bring to a simmer, stirring occasionally, until the sauce is heated through, 1 to 2 minutes. Remove from the heat and set aside.|3 To make the shrimp: Combine the coconut, panko and flour in a bowl or baking dish. Beat the egg whites in a medium bowl until slightly frothy. Sprinkle the shrimp with salt and pepper. Add to the egg whites and toss to coat. Lift each shrimp from the egg whites, letting the excess drip off the shrimp, and then coat in the crumb mixture, pressing to adhere. Place the shrimp on the baking sheet in a single layer. Lightly spray with nonstick spray. Bake until the shrimp are golden on the outside and opaque in the center, 8 to 10 minutes. Serve with the dipping sauce.');
INSERT INTO directions(directions_id, directions) VALUES (10, '1 Bring a large saucepan of water to a boil. Add the broccoli and cook until bright green and tender-crisp, about 2 minutes. Drain and set aside.|2 Heat the canola and sesame oils in a large nonstick skillet set over medium heat. Add the onions, ginger, garlic and chiles and saute until the onions are soft, 3 to 5 minutes. Increase the heat to medium-high, add the chicken and cook, stirring occasionally, until the chicken is cooked through, 5 to 7 minutes. Transfer to a plate.|3 In a small bowl, whisk the cashew butter and tamari and pour into the skillet, stirring to remove any lumps. Add the chicken back in the pan, stir in the broccoli and cashews, and stir to heat through and completely coat with the sauce. Season with salt and pepper, then serve.');
INSERT INTO directions(directions_id, directions) VALUES (11, '1 Preheat the oven to 400 degrees F.|2 Poke holes in the sweet potato halves with a fork. Place on a parchment- or foil-lined baking sheet and bake until fork tender, about 1 hour. Alternatively, microwave on high until the flesh is fork tender, 6 to 8 minutes. Set aside.|3 Tie the sage, thyme and rosemary sprigs together with kitchen twine or a clean rubber band and set aside.|4 Heat a Dutch oven over medium heat and cook the bacon, stirring often, until crisp, about 10 minutes. Use a slotted spoon to transfer the bacon to a paper-towel-lined plate and discard all but 1 tablespoon of the pan drippings.|5 Pat the beef dry and sprinkle with salt and pepper. Return the Dutch oven to the stovetop on medium-high heat. Working in batches, brown the meat on all sides, 5 to 7 minutes. Add the broth, onions, carrots, celery, tomato paste, garlic and herb bundle. |6 Bring to a boil, then reduce to a simmer. Cover and cook for 1 hour on low heat. Uncover and cook at a low simmer until the meat is tender and the vegetables are cooked through, 45 minutes.|7 Scoop out the flesh from the cooked sweet potatoes and place in a blender. Carefully add 1 cup of the stewing liquid and the cashew butter to the blender, then puree until smooth. Add the puree to the stew and stir well. Simmer to thicken, 5 minutes, then season with salt and pepper. Remove the herb bundle and serve the stew garnished with the bacon bits and parsley leaves.');	
INSERT INTO directions(directions_id, directions) VALUES (12, '1 Combine the soy sauce, sambal, sesame oil, scallion whites, garlic, ginger and onions in a medium bowl. Toss in the tuna and let sit in the fridge for 30 minutes.|2 Stir in the macadamia nuts. Plate as desired and garnish with the scallion greens.');
INSERT INTO directions(directions_id, directions) VALUES (13, '1 Position a rack in the lower third of the oven and preheat to 400 degrees F. Make the pumpkin seed pesto: Heat 3 tablespoons olive oil, the pepitas, 1/2 teaspoon salt and a large pinch of paprika in a large skillet over medium heat. Cook, shaking the skillet, until the seeds begin popping and some turn brown, about 5 minutes. Remove from the heat and let cool completely. Transfer the seeds and oil to a food processor; add 1/2 cup water, the parsley, scallions, lemon juice and 1/4 teaspoon salt and pulse until pureed. Remove about 3 tablespoons of the pesto for the hens and set aside the rest for serving.|2 Slide your fingers under the breast skin of each hen to loosen. Slide 2 heaping teaspoons of the pesto under the skin of each hen, then rub the skin to distribute the pesto.|3 Mash the garlic and 2 teaspoons salt with the flat side of a chefs knife to make a paste. Combine with the remaining 2 tablespoons olive oil and 1 teaspoon paprika in a bowl, then rub all over the hens. Refrigerate, uncovered, at least 2 hours or overnight.|4 Put the hens on a rack in a shallow roasting pan or rimmed baking sheet and tie the legs together with kitchen twine. Roast, rotating the pan halfway through, until the skin is golden brown and a thermometer inserted into the thickest part of the thigh registers 170 degrees F, about 1 hour. Let rest 15 minutes, then cut each hen in half. Serve with the reserved pesto.');
INSERT INTO directions(directions_id, directions) VALUES (14, '1 Preheat oven to 375 degrees and spray a 9x13 baking dish with cooking spray. For extra crispy tater tots, bake tater tots for about 10 minutes while preparing the beef mixture - otherwise prepare as follows.|2 In a large skillet, brown the beef and the onion. Add the garlic towards the end of the browning process and cook for 1 minute. Drain.|3 Add the green chiles, taco seasoning mix, black beans, corn, and 2 cups of the cheese.|4 Stir together to combine. If your skillet isn’t big enough you may need to stir it together in a bowl.|5 Pour mixture into the prepared 9x13 pan. Arrange tater tots on top of the mixture in a single layer.|6 Pour the enchilada sauce on top of the casserole as evenly as you can.|7 Bake uncovered for 30-40 minutes or until tater tots are nice and crispy. Sprinkle the remaining 1 cup of cheese on top and place back in the oven for 2-3 minutes or until cheese has melted.|8 Top with olives, cilantro, sour cream, tomatoes when serving if desired.');
INSERT INTO directions(directions_id, directions) VALUES (15, '1 Start by greasing a 9 x 13” casserole dish then set aside. Slice each zucchini in half lengthwise. Using a melon baller or metal teaspoon, hollow out the center of each zucchini. Lightly brush the tops with one teaspoon of olive oil then place them skin side down in the casserole dish.|2 Next warm the tablespoon of olive oil in a large skillet over medium heat. Add the onion and the peppers and cook for 2-3 minutes. Then add the rice, corn, and beans along with the salsa, chili powder and cumin. Stir everything together and continue to cook for about 5 minutes then remove the skillet from the heat and set aside.|3 Preheat the oven to 400°F and then stir in 1/4 cup of the cilantro and salt to taste to the filling. Spoon the filling inside of each zucchini until they are all full. Sprinkle each one with cheese then arrange them in the dish and cover with foil. Bake in the oven for 25 minutes then remove the foil and set the oven to broil. Cook them for 5 more minutes, until the cheese is bubbly and golden brown.|4 Allow them to cool for 5-10 minutes then top with fresh cilantro and serve. Store leftovers in an airtight container for up to 3 days.');

SELECT setval(pg_get_serial_sequence('directions', 'directions_id'), 15);	


INSERT INTO users (username, password, first_name, last_name, salt) VALUES ('jason@user.com', 'RLA+2t8QHXIn5k6Pmn1k/w==', 'Jason', 'Suen', 'aV9iIb/jXyUePem/35p76eNZdn5RnSA4ctctj5r8ATm+OLdME/y4JCUNo5QKy04gvMJzxud6GUWT1mNddBoPB6VtHjwBxPvLMgOKbUvx/SSpnhtZRiYWIlIoPgM6XIY3cJ/T5VJD+vjEwiAgrumOZnJfo3ie4HKW5XZeNHPYKt4=');
INSERT INTO users (username, password, first_name, last_name, salt) VALUES ('jordan@user.com', 'RLA+2t8QHXIn5k6Pmn1k/w==', 'Jordan', 'Wilson', 'aV9iIb/jXyUePem/35p76eNZdn5RnSA4ctctj5r8ATm+OLdME/y4JCUNo5QKy04gvMJzxud6GUWT1mNddBoPB6VtHjwBxPvLMgOKbUvx/SSpnhtZRiYWIlIoPgM6XIY3cJ/T5VJD+vjEwiAgrumOZnJfo3ie4HKW5XZeNHPYKt4=');
INSERT INTO users (username, password, first_name, last_name, salt) VALUES ('tyler@user.com', 'RLA+2t8QHXIn5k6Pmn1k/w==', 'Tyler', 'Sayre', 'aV9iIb/jXyUePem/35p76eNZdn5RnSA4ctctj5r8ATm+OLdME/y4JCUNo5QKy04gvMJzxud6GUWT1mNddBoPB6VtHjwBxPvLMgOKbUvx/SSpnhtZRiYWIlIoPgM6XIY3cJ/T5VJD+vjEwiAgrumOZnJfo3ie4HKW5XZeNHPYKt4=');

INSERT INTO meal_plan(name) VALUES ('Week 1');
INSERT INTO meal_plans_users(plans_id, username) VALUES (1, 'tyler@user.com');
INSERT INTO meal_plans_recipes(plans_id, recipe_id) VALUES (1, 1);
INSERT INTO meal_plans_recipes(plans_id, recipe_id) VALUES (1, 2);
INSERT INTO meal_plans_recipes(plans_id, recipe_id) VALUES (1, 3);
INSERT INTO meal_plans_recipes(plans_id, recipe_id) VALUES (1, 4);


INSERT INTO saved_recipes(recipe_id, username) VALUES (1, 'jason@user.com');
INSERT INTO saved_recipes(recipe_id, username) VALUES (2, 'jason@user.com');
INSERT INTO saved_recipes(recipe_id, username) VALUES (1, 'tyler@user.com');




ALTER TABLE saved_recipes
ADD FOREIGN KEY(recipe_id)
REFERENCES recipe(recipe_id);

ALTER TABLE saved_recipes
ADD FOREIGN KEY(username)
REFERENCES users(username);

ALTER TABLE meal_plans_recipes
ADD FOREIGN KEY(recipe_id)
REFERENCES recipe(recipe_id);

ALTER TABLE meal_plans_recipes
ADD FOREIGN KEY(plans_id)
REFERENCES meal_plan(plans_id);

ALTER TABLE meal_plans_users
ADD FOREIGN KEY(plans_id)
REFERENCES meal_plan(plans_id);

ALTER TABLE meal_plans_users
ADD FOREIGN KEY(username)
REFERENCES users(username);

COMMIT;